{
  "seed": 7,
  "dataset": "coedit",
  "theta": [
    -3.345137119293213,
    0.5343858599662781,
    1.1440411806106567,
    -0.6642242670059204,
    -8.743026733398438
  ],
  "w_s_trained": [
    0.03464813902974129,
    0.9956192970275879,
    1.4205580949783325,
    0.415199339389801,
    0.00015955744311213493
  ],
  "w_s_init_spec": [
    0.1,
    1.0,
    1.0,
    0.3,
    0.0
  ],
  "state_names": [
    "IDLE",
    "BIRTH",
    "REINFORCE",
    "DECAY",
    "DEATH"
  ],
  "best_val_ap": 0.9984275221421066
}