{
  "seed": 1,
  "dataset": "coedit",
  "theta": [
    -3.3096766471862793,
    0.5344187617301941,
    1.0519492626190186,
    -0.6554399728775024,
    -8.766688346862793
  ],
  "w_s_trained": [
    0.03587665036320686,
    0.9956400394439697,
    1.351502776145935,
    0.4181928038597107,
    0.00015582668129354715
  ],
  "w_s_init_spec": [
    0.1,
    1.0,
    1.0,
    0.3,
    0.0
  ],
  "state_names": [
    "IDLE",
    "BIRTH",
    "REINFORCE",
    "DECAY",
    "DEATH"
  ],
  "best_val_ap": 0.9976806342823468
}