{
  "seed": 42,
  "dataset": "coedit",
  "theta": [
    -2.7828266620635986,
    0.6600543260574341,
    0.9402028322219849,
    -1.011904001235962,
    -9.45578670501709
  ],
  "w_s_trained": [
    0.060025282204151154,
    1.0766725540161133,
    1.269901156425476,
    0.310074120759964,
    7.823246414773166e-05
  ],
  "w_s_init_spec": [
    0.1,
    1.0,
    1.0,
    0.3,
    0.0
  ],
  "state_names": [
    "IDLE",
    "BIRTH",
    "REINFORCE",
    "DECAY",
    "DEATH"
  ],
  "best_val_ap": 0.9983583398536799
}