{
  "runs": [
    {
      "dataset": "wikipedia",
      "seed": 42,
      "epochs": 20,
      "trans_ap": 0.9657830839500048,
      "trans_auc": 0.9832517814926545,
      "ind_ap": 0.9635780907690239,
      "ind_auc": 0.9791641890588537,
      "best_val_ap": 0.9585412569340953,
      "train_time_s": 556.6730706691742,
      "final_info": {
        "n_edges": 16688,
        "edge_state_dist": [
          0.934623658657074,
          0.027265099808573723,
          0.014920901507139206,
          0.005932406522333622,
          0.01725791022181511
        ],
        "ever_alive_mean": 0.9928520321846008,
        "hawkes_lam_mean": 1.1004654169082642
      }
    },
    {
      "dataset": "wikipedia",
      "seed": 123,
      "epochs": 20,
      "trans_ap": 0.9682757501875294,
      "trans_auc": 0.9839071223378658,
      "ind_ap": 0.9416937646225357,
      "ind_auc": 0.9676888869310254,
      "best_val_ap": 0.9378547400606938,
      "train_time_s": 481.99856209754944,
      "final_info": {
        "n_edges": 16688,
        "edge_state_dist": [
          0.10288830101490021,
          0.6106783151626587,
          0.09917306154966354,
          0.18684084713459015,
          0.00041946308920159936
        ],
        "ever_alive_mean": 0.999906599521637,
        "hawkes_lam_mean": 1.1005046367645264
      }
    },
    {
      "dataset": "wikipedia",
      "seed": 7,
      "epochs": 20,
      "trans_ap": 0.9715243301687588,
      "trans_auc": 0.9845519819879874,
      "ind_ap": 0.9556814073784082,
      "ind_auc": 0.9770805929299509,
      "best_val_ap": 0.9625243612842966,
      "train_time_s": 468.36853313446045,
      "final_info": {
        "n_edges": 16688,
        "edge_state_dist": [
          0.8692473769187927,
          0.0562080554664135,
          0.03008149564266205,
          0.008628955110907555,
          0.03583413362503052
        ],
        "ever_alive_mean": 0.999859094619751,
        "hawkes_lam_mean": 1.1004854440689087
      }
    },
    {
      "dataset": "mooc",
      "seed": 42,
      "epochs": 20,
      "trans_ap": 0.9891063752085726,
      "trans_auc": 0.9944864792773014,
      "ind_ap": 0.9873209549430259,
      "ind_auc": 0.9935784013154133,
      "best_val_ap": 0.9894491723080379,
      "train_time_s": 17320.930916070938,
      "final_info": {
        "n_edges": 157224,
        "edge_state_dist": [
          1.272070403501857e-05,
          0.9939194917678833,
          0.004363201558589935,
          0.001704574329778552,
          0.0
        ],
        "ever_alive_mean": 0.999993622303009,
        "hawkes_lam_mean": 1.1047792434692383
      }
    },
    {
      "dataset": "mooc",
      "seed": 123,
      "epochs": 20,
      "trans_ap": 0.9882248796222984,
      "trans_auc": 0.9940422690799977,
      "ind_ap": 0.9872608020583911,
      "ind_auc": 0.9935480238215332,
      "best_val_ap": 0.989906326317535,
      "train_time_s": 4550.157479047775,
      "final_info": {
        "n_edges": 157224,
        "edge_state_dist": [
          0.9335470199584961,
          0.06644023954868317,
          1.272070403501857e-05,
          0.0,
          0.0
        ],
        "ever_alive_mean": 0.999916136264801,
        "hawkes_lam_mean": 1.1049609184265137
      }
    },
    {
      "dataset": "mooc",
      "seed": 7,
      "epochs": 20,
      "trans_ap": 0.991156673979505,
      "trans_auc": 0.9955387059251183,
      "ind_ap": 0.9897683455858216,
      "ind_auc": 0.9948312844919767,
      "best_val_ap": 0.9923777206016834,
      "train_time_s": 10877.318645954132,
      "final_info": {
        "n_edges": 157224,
        "edge_state_dist": [
          0.9997392296791077,
          0.0002162519667763263,
          1.9081056962022558e-05,
          2.544140807003714e-05,
          0.0
        ],
        "ever_alive_mean": 0.9990763664245605,
        "hawkes_lam_mean": 1.1053005456924438
      }
    },
    {
      "dataset": "coedit",
      "seed": 42,
      "epochs": 20,
      "trans_ap": 0.9832813755240664,
      "trans_auc": 0.9889350138888889,
      "ind_ap": 0.8698486391177351,
      "ind_auc": 0.8888149452728659,
      "best_val_ap": 0.9805821711154838,
      "train_time_s": 1169.9813430309296,
      "final_info": {
        "n_edges": 13445,
        "edge_state_dist": [
          0.9598363637924194,
          0.03332093730568886,
          0.004090739879757166,
          0.0015619188779965043,
          0.001190033508464694
        ],
        "ever_alive_mean": 0.3909740149974823,
        "hawkes_lam_mean": 1.1095877885818481
      }
    },
    {
      "dataset": "coedit",
      "seed": 123,
      "epochs": 20,
      "trans_ap": 0.9796374260617029,
      "trans_auc": 0.9867011666666666,
      "ind_ap": 0.8701382279531876,
      "ind_auc": 0.8893495589630221,
      "best_val_ap": 0.9751544376079685,
      "train_time_s": 1524.4694089889526,
      "final_info": {
        "n_edges": 13445,
        "edge_state_dist": [
          0.13283748924732208,
          0.7419114708900452,
          0.07088136672973633,
          0.05436965450644493,
          0.0
        ],
        "ever_alive_mean": 0.34263259172439575,
        "hawkes_lam_mean": 1.1092228889465332
      }
    },
    {
      "dataset": "coedit",
      "seed": 7,
      "epochs": 20,
      "trans_ap": 0.9828657943468109,
      "trans_auc": 0.9883532777777776,
      "ind_ap": 0.8886488991715671,
      "ind_auc": 0.9056877811094454,
      "best_val_ap": 0.976125019510478,
      "train_time_s": 2161.7599680423737,
      "final_info": {
        "n_edges": 13445,
        "edge_state_dist": [
          0.8982521295547485,
          0.07817032188177109,
          0.016586091369390488,
          0.004537002649158239,
          0.0024544440675526857
        ],
        "ever_alive_mean": 0.43085458874702454,
        "hawkes_lam_mean": 1.1092978715896606
      }
    }
  ],
  "summary": [
    {
      "dataset": "wikipedia",
      "trans_ap_mean": 0.968527721435431,
      "trans_ap_std": 0.0023506161133365617,
      "trans_auc_mean": 0.9839036286061692,
      "trans_auc_std": 0.0005308103783442202,
      "ind_ap_mean": 0.9536510875899893,
      "ind_ap_std": 0.0090488519181128,
      "ind_auc_mean": 0.9746445563066101,
      "ind_auc_std": 0.004991415667852746,
      "time_mean": 502.34672196706134,
      "n_seeds": 3
    },
    {
      "dataset": "mooc",
      "trans_ap_mean": 0.9894959762701253,
      "trans_ap_std": 0.0012281954998043193,
      "trans_auc_mean": 0.9946891514274725,
      "trans_auc_std": 0.0006275018237422794,
      "ind_ap_mean": 0.9881167008624128,
      "ind_ap_std": 0.0011681473399234896,
      "ind_auc_mean": 0.9939859032096411,
      "ind_auc_std": 0.0005979034662475014,
      "time_mean": 10916.135680357615,
      "n_seeds": 3
    },
    {
      "dataset": "coedit",
      "trans_ap_mean": 0.9819281986441935,
      "trans_ap_std": 0.001628681715834381,
      "trans_auc_mean": 0.9879964861111111,
      "trans_auc_std": 0.0009462182881025553,
      "ind_ap_mean": 0.87621192208083,
      "ind_ap_std": 0.008795065464605517,
      "ind_auc_mean": 0.8946174284484445,
      "ind_auc_std": 0.00783096349877089,
      "time_mean": 1618.7369066874187,
      "n_seeds": 3
    }
  ]
}