{
  "dataset": "coedit",
  "seed": 42,
  "epochs": 20,
  "batch": 500,
  "protocol": "design=correct_decoupled,fsm v3+hier+decol_hier_v2+causal_batch,let0.5,p0_fix=off,bs500",
  "arms": {
    "wc": {
      "n_pos": 12000,
      "n_neg": 12000,
      "trans_ap": 0.9964803640031226,
      "trans_auc": 0.9966956666666666,
      "pos_lifecycle_dist": [
        0.0,
        0.23691666666666666,
        0.23216666666666666,
        0.16816666666666666,
        0.36275
      ],
      "has_cc": true,
      "c_t_stats": {
        "mean": 0.2972083626181508,
        "std": 0.36100038268939105,
        "min": 0.03578934818506241,
        "max": 0.9576079249382019,
        "p10": 0.03881616592407226,
        "p50": 0.08055073395371437,
        "p90": 0.911665391921997
      },
      "cc_weight_stats": {
        "mean": 0.2972083626181508,
        "std": 0.36100038268939105,
        "min": 0.03578934818506241,
        "max": 0.9576079249382019,
        "frac_zero": 0.0,
        "frac_lt_0.5": 0.7471666666666666
      },
      "violation_rate": 0.7148333333333333,
      "never_born_death_rate": 0.045,
      "AUC_lowc_predicts_violation": 0.9959464352217946,
      "corr_lowc_violation": 0.9377776058609355,
      "mean_c_t_violation": 0.08338532176309114,
      "mean_c_t_coherent": 0.8332031155271812,
      "AUC_lowc_predicts_neverbornDEATH": 0.8771802081313426,
      "mean_c_t_neverbornDEATH": 0.038949646786959086,
      "corr_lowc_posScore": -0.9437361064768942,
      "corr_c_t_posScore": -0.9437361064768943,
      "AUC_lowc_predicts_posMiss10": 0.10150756172839506,
      "mean_c_t_posMiss10": 0.9116663144528866,
      "mean_c_t_posHit": 0.22893525685873573,
      "std_trans_ap": 0.996455194337817,
      "std_trans_auc": 0.9967648055555555,
      "ind_ap": 0.9803131640531256,
      "ind_auc": 0.9793821113243978,
      "best_val_ap": 0.9997734241479868,
      "train_time_s": 963.3,
      "arm": "wc",
      "nan_check": false,
      "leak_check_ap_eq_1": false,
      "npz": "/users/PGS0407/binben14/VietHuy/Hoang/SR-GNN/experiments/LAB/v3_3/results/wc_conf_calib_coedit_wc_s42.npz",
      "low_c_examples": [
        {
          "c_t": 0.0358,
          "cc_weight": 0.0358,
          "belief_argmax": "BIRTH",
          "free_next_state": "DEATH",
          "reachable": false,
          "pos_sigmoid": 0.5995
        },
        {
          "c_t": 0.0365,
          "cc_weight": 0.0365,
          "belief_argmax": "BIRTH",
          "free_next_state": "REINFORCE",
          "reachable": false,
          "pos_sigmoid": 0.9311
        },
        {
          "c_t": 0.0365,
          "cc_weight": 0.0365,
          "belief_argmax": "BIRTH",
          "free_next_state": "REINFORCE",
          "reachable": false,
          "pos_sigmoid": 0.9316
        },
        {
          "c_t": 0.0365,
          "cc_weight": 0.0365,
          "belief_argmax": "BIRTH",
          "free_next_state": "REINFORCE",
          "reachable": false,
          "pos_sigmoid": 0.9325
        },
        {
          "c_t": 0.0365,
          "cc_weight": 0.0365,
          "belief_argmax": "BIRTH",
          "free_next_state": "REINFORCE",
          "reachable": false,
          "pos_sigmoid": 0.9346
        },
        {
          "c_t": 0.0365,
          "cc_weight": 0.0365,
          "belief_argmax": "BIRTH",
          "free_next_state": "REINFORCE",
          "reachable": false,
          "pos_sigmoid": 0.9373
        },
        {
          "c_t": 0.0365,
          "cc_weight": 0.0365,
          "belief_argmax": "BIRTH",
          "free_next_state": "REINFORCE",
          "reachable": false,
          "pos_sigmoid": 0.942
        },
        {
          "c_t": 0.0365,
          "cc_weight": 0.0365,
          "belief_argmax": "BIRTH",
          "free_next_state": "REINFORCE",
          "reachable": false,
          "pos_sigmoid": 0.9451
        },
        {
          "c_t": 0.0365,
          "cc_weight": 0.0365,
          "belief_argmax": "BIRTH",
          "free_next_state": "REINFORCE",
          "reachable": false,
          "pos_sigmoid": 0.9536
        },
        {
          "c_t": 0.0365,
          "cc_weight": 0.0365,
          "belief_argmax": "BIRTH",
          "free_next_state": "REINFORCE",
          "reachable": false,
          "pos_sigmoid": 0.9501
        },
        {
          "c_t": 0.0365,
          "cc_weight": 0.0365,
          "belief_argmax": "BIRTH",
          "free_next_state": "REINFORCE",
          "reachable": false,
          "pos_sigmoid": 0.9555
        },
        {
          "c_t": 0.0365,
          "cc_weight": 0.0365,
          "belief_argmax": "BIRTH",
          "free_next_state": "REINFORCE",
          "reachable": false,
          "pos_sigmoid": 0.9567
        }
      ]
    },
    "B": {
      "n_pos": 12000,
      "n_neg": 12000,
      "trans_ap": 0.9964320234509977,
      "trans_auc": 0.9966809930555556,
      "pos_lifecycle_dist": [
        0.0005833333333333334,
        0.23691666666666666,
        0.2655,
        0.4180833333333333,
        0.07891666666666666
      ],
      "has_cc": false,
      "std_trans_ap": 0.9964774712794902,
      "std_trans_auc": 0.99681096875,
      "ind_ap": 0.9790323981292972,
      "ind_auc": 0.977892993392734,
      "best_val_ap": 0.9997293578274806,
      "train_time_s": 947.9,
      "arm": "B",
      "nan_check": false,
      "leak_check_ap_eq_1": false
    }
  },
  "headline": {
    "wc_trans_ap": 0.9964803640031226,
    "B_trans_ap": 0.9964320234509977,
    "delta_trans_ap_pp": 0.005,
    "wc_ind_ap": 0.9803131640531256,
    "B_ind_ap": 0.9790323981292972,
    "delta_ind_ap_pp": 0.128,
    "wc_AUC_lowc_violation": 0.9959464352217946,
    "wc_AUC_lowc_posMiss10": 0.10150756172839506,
    "wc_violation_rate": 0.7148333333333333,
    "any_leak_ap_eq_1": false,
    "any_nan": false
  }
}