{
  "dataset": "coedit",
  "seed": 42,
  "epochs": 20,
  "batch": 500,
  "protocol": "design=correct_decoupled,fsm v3+hier+decol_hier_v2+causal_batch,let0.5,p0_fix=off,bs500",
  "arms": {
    "wc": {
      "n_pos": 12000,
      "n_neg": 12000,
      "trans_ap": 0.9964965187690433,
      "trans_auc": 0.9967139027777778,
      "pos_lifecycle_dist": [
        0.0,
        0.23691666666666666,
        0.23716666666666666,
        0.21958333333333332,
        0.30633333333333335
      ],
      "has_cc": true,
      "c_t_stats": {
        "mean": 0.2723449618993327,
        "std": 0.36478112814726593,
        "min": 0.0255687665194273,
        "max": 0.9850552082061768,
        "p10": 0.036030876263976094,
        "p50": 0.03919176384806633,
        "p90": 0.9103295207023621
      },
      "cc_weight_stats": {
        "mean": 0.2723449618993327,
        "std": 0.36478112814726593,
        "min": 0.0255687665194273,
        "max": 0.9850552082061768,
        "frac_zero": 0.0,
        "frac_lt_0.5": 0.7521666666666667
      },
      "violation_rate": 0.7553333333333333,
      "never_born_death_rate": 0.23291666666666666,
      "AUC_lowc_predicts_violation": 0.9999690364131781,
      "corr_lowc_violation": 0.9822273360053988,
      "mean_c_t_violation": 0.0684237253460918,
      "mean_c_t_coherent": 0.9018892698416268,
      "AUC_lowc_predicts_neverbornDEATH": 0.7088896813682383,
      "mean_c_t_neverbornDEATH": 0.0699718801467971,
      "corr_lowc_posScore": -0.955659601355868,
      "corr_c_t_posScore": -0.9556596013558679,
      "AUC_lowc_predicts_posMiss10": 0.024459760802469137,
      "mean_c_t_posMiss10": 0.9103246942659219,
      "mean_c_t_posHit": 0.20145832496971167,
      "std_trans_ap": 0.9966037429821084,
      "std_trans_auc": 0.9969068298611111,
      "ind_ap": 0.9788833407650905,
      "ind_auc": 0.9777116279285395,
      "best_val_ap": 0.999779300616742,
      "train_time_s": 973.4,
      "arm": "wc",
      "nan_check": false,
      "leak_check_ap_eq_1": false,
      "npz": "/users/PGS0407/binben14/VietHuy/Hoang/SR-GNN/experiments/LAB/v3_3/results/wc_v3/wc_conf_calib_coedit_wc_s42.npz",
      "low_c_examples": [
        {
          "c_t": 0.0256,
          "cc_weight": 0.0256,
          "belief_argmax": "IDLE",
          "free_next_state": "DEATH",
          "reachable": false,
          "pos_sigmoid": 0.5626
        },
        {
          "c_t": 0.0283,
          "cc_weight": 0.0283,
          "belief_argmax": "IDLE",
          "free_next_state": "REINFORCE",
          "reachable": false,
          "pos_sigmoid": 0.7252
        },
        {
          "c_t": 0.0285,
          "cc_weight": 0.0285,
          "belief_argmax": "IDLE",
          "free_next_state": "DEATH",
          "reachable": false,
          "pos_sigmoid": 0.5577
        },
        {
          "c_t": 0.0288,
          "cc_weight": 0.0288,
          "belief_argmax": "REINFORCE",
          "free_next_state": "DEATH",
          "reachable": false,
          "pos_sigmoid": 0.8157
        },
        {
          "c_t": 0.0291,
          "cc_weight": 0.0291,
          "belief_argmax": "IDLE",
          "free_next_state": "REINFORCE",
          "reachable": false,
          "pos_sigmoid": 0.9953
        },
        {
          "c_t": 0.0292,
          "cc_weight": 0.0292,
          "belief_argmax": "IDLE",
          "free_next_state": "DEATH",
          "reachable": false,
          "pos_sigmoid": 0.5302
        },
        {
          "c_t": 0.0295,
          "cc_weight": 0.0295,
          "belief_argmax": "REINFORCE",
          "free_next_state": "DEATH",
          "reachable": false,
          "pos_sigmoid": 0.8265
        },
        {
          "c_t": 0.03,
          "cc_weight": 0.03,
          "belief_argmax": "REINFORCE",
          "free_next_state": "REINFORCE",
          "reachable": false,
          "pos_sigmoid": 0.9146
        },
        {
          "c_t": 0.0305,
          "cc_weight": 0.0305,
          "belief_argmax": "IDLE",
          "free_next_state": "REINFORCE",
          "reachable": false,
          "pos_sigmoid": 0.7283
        },
        {
          "c_t": 0.0307,
          "cc_weight": 0.0307,
          "belief_argmax": "REINFORCE",
          "free_next_state": "DEATH",
          "reachable": false,
          "pos_sigmoid": 0.7911
        },
        {
          "c_t": 0.0308,
          "cc_weight": 0.0308,
          "belief_argmax": "IDLE",
          "free_next_state": "REINFORCE",
          "reachable": false,
          "pos_sigmoid": 1.0
        },
        {
          "c_t": 0.0308,
          "cc_weight": 0.0308,
          "belief_argmax": "REINFORCE",
          "free_next_state": "REINFORCE",
          "reachable": false,
          "pos_sigmoid": 0.9149
        }
      ]
    },
    "B": {
      "n_pos": 12000,
      "n_neg": 12000,
      "trans_ap": 0.9966537045592047,
      "trans_auc": 0.9968529513888889,
      "pos_lifecycle_dist": [
        0.0005,
        0.23691666666666666,
        0.2645,
        0.41891666666666666,
        0.07916666666666666
      ],
      "has_cc": false,
      "std_trans_ap": 0.9967398447455491,
      "std_trans_auc": 0.997041923611111,
      "ind_ap": 0.9789736444691801,
      "ind_auc": 0.9779263760173885,
      "best_val_ap": 0.9998415749545986,
      "train_time_s": 957.0,
      "arm": "B",
      "nan_check": false,
      "leak_check_ap_eq_1": false
    }
  },
  "headline": {
    "wc_trans_ap": 0.9964965187690433,
    "B_trans_ap": 0.9966537045592047,
    "delta_trans_ap_pp": -0.016,
    "wc_ind_ap": 0.9788833407650905,
    "B_ind_ap": 0.9789736444691801,
    "delta_ind_ap_pp": -0.009,
    "wc_AUC_lowc_violation": 0.9999690364131781,
    "wc_AUC_lowc_posMiss10": 0.024459760802469137,
    "wc_violation_rate": 0.7553333333333333,
    "any_leak_ap_eq_1": false,
    "any_nan": false
  }
}