{
  "dataset": "coedit",
  "seed": 42,
  "epochs": 20,
  "batch": 500,
  "protocol": "design=correct_decoupled,fsm v3+hier+decol_hier_v2+causal_batch,let0.5,p0_fix=off,bs500",
  "arms": {
    "wc": {
      "n_pos": 12000,
      "n_neg": 12000,
      "trans_ap": 0.99654759696296,
      "trans_auc": 0.9967651979166666,
      "pos_lifecycle_dist": [
        0.0,
        0.23691666666666666,
        0.23058333333333333,
        0.22766666666666666,
        0.30483333333333335
      ],
      "has_cc": true,
      "c_t_stats": {
        "mean": 0.2639238882921636,
        "std": 0.3653198392929553,
        "min": 0.025034308433532715,
        "max": 0.9639844298362732,
        "p10": 0.037141653895378116,
        "p50": 0.04013408161699772,
        "p90": 0.9122176170349121
      },
      "cc_weight_stats": {
        "mean": 0.2639238882921636,
        "std": 0.3653198392929553,
        "min": 0.025034308433532715,
        "max": 0.9639844298362732,
        "frac_zero": 0.0,
        "frac_lt_0.5": 0.7613333333333333
      },
      "violation_rate": 0.7613333333333333,
      "never_born_death_rate": 0.29183333333333333,
      "AUC_lowc_predicts_violation": 1.0,
      "corr_lowc_violation": 0.9938964267865028,
      "mean_c_t_violation": 0.06063068994270367,
      "mean_c_t_coherent": 0.9124178338650218,
      "AUC_lowc_predicts_neverbornDEATH": 0.8009848858850653,
      "mean_c_t_neverbornDEATH": 0.041155514894516076,
      "corr_lowc_posScore": -0.9665006470968972,
      "corr_c_t_posScore": -0.9665006470968972,
      "R2_c_t_free_argmax": 0.9827737514082375,
      "corr_c_t_free_argmax": -0.8058667439307895,
      "AUC_lowc_predicts_posMiss10": 0.02399212962962963,
      "mean_c_t_posMiss10": 0.9122140993674596,
      "mean_c_t_posHit": 0.1918916426171307,
      "std_trans_ap": 0.996570265352596,
      "std_trans_auc": 0.9968877222222222,
      "ind_ap": 0.9795775628273511,
      "ind_auc": 0.9784413745619694,
      "best_val_ap": 0.9997460117215715,
      "train_time_s": 950.3,
      "arm": "wc",
      "nan_check": false,
      "leak_check_ap_eq_1": false,
      "cc_self_consist_w": 0.1,
      "cc_w_obs_logit": 1.23126220703125,
      "w_obs": 0.7740394136660179,
      "npz": "/users/PGS0407/binben14/VietHuy/Hoang/SR-GNN/experiments/LAB/v3_3/results/wc_r2/wc_conf_calib_coedit_wc_s42.npz",
      "low_c_examples": [
        {
          "c_t": 0.025,
          "cc_weight": 0.025,
          "belief_argmax": "IDLE",
          "free_next_state": "DEATH",
          "reachable": false,
          "pos_sigmoid": 0.6247
        },
        {
          "c_t": 0.0264,
          "cc_weight": 0.0264,
          "belief_argmax": "IDLE",
          "free_next_state": "DECAY",
          "reachable": false,
          "pos_sigmoid": 0.8961
        },
        {
          "c_t": 0.0281,
          "cc_weight": 0.0281,
          "belief_argmax": "IDLE",
          "free_next_state": "REINFORCE",
          "reachable": false,
          "pos_sigmoid": 0.7494
        },
        {
          "c_t": 0.0284,
          "cc_weight": 0.0284,
          "belief_argmax": "IDLE",
          "free_next_state": "DEATH",
          "reachable": false,
          "pos_sigmoid": 0.6358
        },
        {
          "c_t": 0.0287,
          "cc_weight": 0.0287,
          "belief_argmax": "IDLE",
          "free_next_state": "DEATH",
          "reachable": false,
          "pos_sigmoid": 0.8675
        },
        {
          "c_t": 0.0288,
          "cc_weight": 0.0288,
          "belief_argmax": "IDLE",
          "free_next_state": "REINFORCE",
          "reachable": false,
          "pos_sigmoid": 1.0
        },
        {
          "c_t": 0.0295,
          "cc_weight": 0.0295,
          "belief_argmax": "IDLE",
          "free_next_state": "DEATH",
          "reachable": false,
          "pos_sigmoid": 0.6572
        },
        {
          "c_t": 0.0295,
          "cc_weight": 0.0295,
          "belief_argmax": "IDLE",
          "free_next_state": "DEATH",
          "reachable": false,
          "pos_sigmoid": 0.8825
        },
        {
          "c_t": 0.03,
          "cc_weight": 0.03,
          "belief_argmax": "IDLE",
          "free_next_state": "REINFORCE",
          "reachable": false,
          "pos_sigmoid": 0.9687
        },
        {
          "c_t": 0.0307,
          "cc_weight": 0.0307,
          "belief_argmax": "IDLE",
          "free_next_state": "REINFORCE",
          "reachable": false,
          "pos_sigmoid": 0.7694
        },
        {
          "c_t": 0.0309,
          "cc_weight": 0.0309,
          "belief_argmax": "IDLE",
          "free_next_state": "REINFORCE",
          "reachable": false,
          "pos_sigmoid": 1.0
        },
        {
          "c_t": 0.031,
          "cc_weight": 0.031,
          "belief_argmax": "IDLE",
          "free_next_state": "REINFORCE",
          "reachable": false,
          "pos_sigmoid": 1.0
        }
      ]
    },
    "B": {
      "n_pos": 12000,
      "n_neg": 12000,
      "trans_ap": 0.996638857674911,
      "trans_auc": 0.9968486527777778,
      "pos_lifecycle_dist": [
        0.0005833333333333334,
        0.23691666666666666,
        0.26708333333333334,
        0.41308333333333336,
        0.08233333333333333
      ],
      "has_cc": false,
      "std_trans_ap": 0.9966965797330949,
      "std_trans_auc": 0.9969934687500001,
      "ind_ap": 0.9795212432144506,
      "ind_auc": 0.9786332412410736,
      "best_val_ap": 0.9997420020713986,
      "train_time_s": 933.4,
      "arm": "B",
      "nan_check": false,
      "leak_check_ap_eq_1": false,
      "cc_self_consist_w": 0.0,
      "cc_w_obs_logit": null,
      "w_obs": null
    }
  },
  "headline": {
    "wc_trans_ap": 0.99654759696296,
    "B_trans_ap": 0.996638857674911,
    "delta_trans_ap_pp": -0.009,
    "wc_ind_ap": 0.9795775628273511,
    "B_ind_ap": 0.9795212432144506,
    "delta_ind_ap_pp": 0.006,
    "wc_AUC_lowc_violation": 1.0,
    "wc_AUC_lowc_posMiss10": 0.02399212962962963,
    "wc_violation_rate": 0.7613333333333333,
    "wc_cc_self_consist_w": 0.1,
    "wc_w_obs_converged": 0.7740394136660179,
    "wc_cc_w_obs_logit": 1.23126220703125,
    "wc_pos_lifecycle_dist": [
      0.0,
      0.23691666666666666,
      0.23058333333333333,
      0.22766666666666666,
      0.30483333333333335
    ],
    "any_leak_ap_eq_1": false,
    "any_nan": false
  }
}