{
  "dataset": "coedit",
  "seed": 42,
  "epochs": 20,
  "batch": 500,
  "protocol": "design=correct_decoupled,fsm v3+hier+decol_hier_v2+causal_batch,let0.5,p0_fix=off,bs500",
  "arms": {
    "wc": {
      "n_pos": 12000,
      "n_neg": 12000,
      "trans_ap": 0.9966137568473399,
      "trans_auc": 0.9968417048611111,
      "pos_lifecycle_dist": [
        0.0,
        0.23691666666666666,
        0.238,
        0.18833333333333332,
        0.33675
      ],
      "has_cc": true,
      "c_t_stats": {
        "mean": 0.645224212937678,
        "std": 0.3944986199212192,
        "min": 0.0179144199937582,
        "max": 0.9810218811035156,
        "p10": 0.0967898964881897,
        "p50": 0.8549669086933136,
        "p90": 0.9629533290863037
      },
      "cc_weight_stats": {
        "mean": 0.645224212937678,
        "std": 0.3944986199212192,
        "min": 0.0179144199937582,
        "max": 0.9810218811035156,
        "frac_zero": 0.0,
        "frac_lt_0.5": 0.34058333333333335
      },
      "violation_rate": 0.35675,
      "never_born_death_rate": 0.09791666666666667,
      "AUC_lowc_predicts_violation": 0.9999356938268404,
      "corr_lowc_violation": 0.971034257611099,
      "mean_c_t_violation": 0.13083962623975845,
      "mean_c_t_coherent": 0.9305047435315104,
      "AUC_lowc_predicts_neverbornDEATH": 0.6391938676232126,
      "mean_c_t_neverbornDEATH": 0.4892131845494534,
      "corr_lowc_posScore": 0.7936441108741784,
      "corr_c_t_posScore": 0.7936441108741784,
      "R2_c_t_free_argmax": 0.6063398165646126,
      "corr_c_t_free_argmax": 0.6187129943769428,
      "AUC_lowc_predicts_posMiss10": 0.8551571759259259,
      "mean_c_t_posMiss10": 0.09684154480695724,
      "mean_c_t_posHit": 0.7061556205077579,
      "std_trans_ap": 0.9967983156514658,
      "std_trans_auc": 0.9970855138888888,
      "ind_ap": 0.9797870559887516,
      "ind_auc": 0.9787012884112667,
      "best_val_ap": 0.999758955633676,
      "train_time_s": 962.7,
      "arm": "wc",
      "nan_check": false,
      "leak_check_ap_eq_1": false,
      "cc_self_consist_w": 0.0,
      "cc_grounded_init": true,
      "cc_w_obs_logit": null,
      "w_obs": null,
      "npz": "/users/PGS0407/binben14/VietHuy/Hoang/SR-GNN/experiments/LAB/v3_3/results/wc_grnd_only/wc_conf_calib_coedit_wc_s42.npz",
      "low_c_examples": [
        {
          "c_t": 0.0179,
          "cc_weight": 0.0179,
          "belief_argmax": "REINFORCE",
          "free_next_state": "REINFORCE",
          "reachable": false,
          "pos_sigmoid": 0.9496
        },
        {
          "c_t": 0.0201,
          "cc_weight": 0.0201,
          "belief_argmax": "REINFORCE",
          "free_next_state": "REINFORCE",
          "reachable": false,
          "pos_sigmoid": 0.9459
        },
        {
          "c_t": 0.0277,
          "cc_weight": 0.0277,
          "belief_argmax": "IDLE",
          "free_next_state": "DEATH",
          "reachable": false,
          "pos_sigmoid": 0.6304
        },
        {
          "c_t": 0.0301,
          "cc_weight": 0.0301,
          "belief_argmax": "IDLE",
          "free_next_state": "REINFORCE",
          "reachable": false,
          "pos_sigmoid": 0.7439
        },
        {
          "c_t": 0.0301,
          "cc_weight": 0.0301,
          "belief_argmax": "IDLE",
          "free_next_state": "DEATH",
          "reachable": false,
          "pos_sigmoid": 0.7034
        },
        {
          "c_t": 0.0311,
          "cc_weight": 0.0311,
          "belief_argmax": "IDLE",
          "free_next_state": "REINFORCE",
          "reachable": false,
          "pos_sigmoid": 0.8122
        },
        {
          "c_t": 0.0313,
          "cc_weight": 0.0313,
          "belief_argmax": "IDLE",
          "free_next_state": "DEATH",
          "reachable": false,
          "pos_sigmoid": 0.6004
        },
        {
          "c_t": 0.0314,
          "cc_weight": 0.0314,
          "belief_argmax": "IDLE",
          "free_next_state": "DEATH",
          "reachable": false,
          "pos_sigmoid": 0.592
        },
        {
          "c_t": 0.0316,
          "cc_weight": 0.0316,
          "belief_argmax": "IDLE",
          "free_next_state": "DEATH",
          "reachable": false,
          "pos_sigmoid": 0.6913
        },
        {
          "c_t": 0.0318,
          "cc_weight": 0.0318,
          "belief_argmax": "IDLE",
          "free_next_state": "DEATH",
          "reachable": false,
          "pos_sigmoid": 0.5606
        },
        {
          "c_t": 0.0319,
          "cc_weight": 0.0319,
          "belief_argmax": "IDLE",
          "free_next_state": "REINFORCE",
          "reachable": false,
          "pos_sigmoid": 0.805
        },
        {
          "c_t": 0.0319,
          "cc_weight": 0.0319,
          "belief_argmax": "IDLE",
          "free_next_state": "REINFORCE",
          "reachable": false,
          "pos_sigmoid": 0.8301
        }
      ]
    },
    "B": {
      "n_pos": 12000,
      "n_neg": 12000,
      "trans_ap": 0.9965064050386235,
      "trans_auc": 0.9967238680555556,
      "pos_lifecycle_dist": [
        0.0005833333333333334,
        0.23691666666666666,
        0.268,
        0.41383333333333333,
        0.08066666666666666
      ],
      "has_cc": false,
      "std_trans_ap": 0.9965573055559329,
      "std_trans_auc": 0.9968589930555556,
      "ind_ap": 0.9802691277040977,
      "ind_auc": 0.9792025370373284,
      "best_val_ap": 0.9997859324348248,
      "train_time_s": 946.7,
      "arm": "B",
      "nan_check": false,
      "leak_check_ap_eq_1": false,
      "cc_self_consist_w": 0.0,
      "cc_grounded_init": false,
      "cc_w_obs_logit": null,
      "w_obs": null
    }
  },
  "headline": {
    "wc_trans_ap": 0.9966137568473399,
    "B_trans_ap": 0.9965064050386235,
    "delta_trans_ap_pp": 0.011,
    "wc_ind_ap": 0.9797870559887516,
    "B_ind_ap": 0.9802691277040977,
    "delta_ind_ap_pp": -0.048,
    "wc_AUC_lowc_violation": 0.9999356938268404,
    "wc_AUC_lowc_posMiss10": 0.8551571759259259,
    "wc_violation_rate": 0.35675,
    "wc_cc_self_consist_w": 0.0,
    "wc_w_obs_converged": null,
    "wc_cc_w_obs_logit": null,
    "wc_pos_lifecycle_dist": [
      0.0,
      0.23691666666666666,
      0.238,
      0.18833333333333332,
      0.33675
    ],
    "any_leak_ap_eq_1": false,
    "any_nan": false
  }
}