{
  "runs": [
    {
      "dataset": "coedit",
      "seed": 42,
      "epochs": 1,
      "postcp": null,
      "peredge_npz": null,
      "p0_fix": "off",
      "lfg": "on",
      "echo": "off",
      "fix_existence_init": false,
      "entropy_reg_weight": 0.0,
      "design": "correct_decoupled",
      "fsm_arch": "v2",
      "trans_ap": 0.9845860486686656,
      "trans_auc": 0.9893526458333333,
      "ind_ap": 0.8865156867785678,
      "ind_auc": 0.911843213981465,
      "best_val_ap": 0.9644126209283658,
      "train_time_s": 13.940489530563354,
      "final_info": {
        "n_edges": 13445,
        "edge_state_dist": [
          0.0008181480225175619,
          0.02566009759902954,
          0.9726292490959167,
          0.00022313128283713013,
          0.0006693938048556447
        ],
        "ever_alive_mean": 0.8108595013618469,
        "hawkes_lam_mean": 1.1130878925323486
      },
      "het_traj": []
    }
  ],
  "summary": [
    {
      "dataset": "coedit",
      "p0_fix": "off",
      "trans_ap_mean": 0.9845860486686656,
      "trans_ap_std": 0.0,
      "trans_auc_mean": 0.9893526458333333,
      "trans_auc_std": 0.0,
      "ind_ap_mean": 0.8865156867785678,
      "ind_ap_std": 0.0,
      "ind_auc_mean": 0.911843213981465,
      "ind_auc_std": 0.0,
      "time_mean": 13.940489530563354,
      "n_seeds": 1
    }
  ]
}