{
  "meta": {
    "task": "config-B knob-isolation ablation (reviewer #1 confound decomposition)",
    "dataset": "coedit",
    "seeds": [
      42,
      1,
      7
    ],
    "epochs": 20,
    "hidden": 128,
    "batch": 500,
    "lr": 0.001,
    "protocol": "B-protocol: chrono 70/15/15, fair inductive neg, PRE-update leak-free, sklearn AP",
    "B_fixed_stack": {
      "dataset": "coedit",
      "epochs": 20,
      "hidden": 128,
      "batch_size": 500,
      "lr": 0.001,
      "fsm_arch": "v3",
      "fsm_decode": "hier",
      "decol_hier_v2": true,
      "causal_batch": true,
      "hier_causal_policy": true,
      "lambda_edge_trans": 0.5,
      "p0_fix": false,
      "edge_h_detach_scorepath": true
    },
    "preset_diff_note": "with fsm_arch=v3 stack fixed, design=correct vs correct_decoupled differ ONLY in K1 enable_main_predictor, K2 lfg_mode, K3 compliance_floor",
    "total_time_s": 17982.719388484955,
    "base_ind_ap_mean": 0.9899128854045857
  },
  "arms": [
    {
      "arm": "B",
      "knob_flipped": "(baseline, none)",
      "overrides": {
        "design": "correct_decoupled"
      },
      "ind_ap_mean": 0.9899128854045857,
      "ind_ap_std": 0.0016489527726547522,
      "n_seeds": 3,
      "trans_ap_mean": 0.9986295127386775,
      "trans_ap_std": 0.00042976011640156136,
      "ind_auc_mean": 0.9900757724117701,
      "ind_auc_std": 0.0018884897397179498,
      "per_seed": [
        {
          "seed": 42,
          "ind_ap": 0.9887802819904685,
          "trans_ap": 0.9981975641685137,
          "ind_auc": 0.9886333304487187,
          "trans_auc": 0.9984194826388889,
          "time_s": 993.8354156017303,
          "edge_state_dist": [
            0.0002975083771161735,
            0.40379324555397034,
            0.24351060390472412,
            0.33685386180877686,
            0.015544812195003033
          ]
        },
        {
          "seed": 1,
          "ind_ap": 0.98915368630961,
          "trans_ap": 0.998633923600173,
          "ind_auc": 0.9893806903238784,
          "trans_auc": 0.9987168784722222,
          "time_s": 989.3136405944824,
          "edge_state_dist": [
            0.015247303992509842,
            0.40453699231147766,
            0.2160654515028,
            0.3546299636363983,
            0.009520268067717552
          ]
        },
        {
          "seed": 7,
          "ind_ap": 0.9918046879136785,
          "trans_ap": 0.9990570504473457,
          "ind_auc": 0.9922132964627133,
          "trans_auc": 0.9991142847222223,
          "time_s": 988.450953245163,
          "edge_state_dist": [
            0.007958348840475082,
            0.40379324555397034,
            0.2290070652961731,
            0.3486054241657257,
            0.010635924525558949
          ]
        }
      ]
    },
    {
      "arm": "K1_e2e",
      "knob_flipped": "enable_main_predictor: False->True",
      "overrides": {
        "design": "correct_decoupled",
        "p0_fix": true
      },
      "ind_ap_mean": 0.7788447441156627,
      "ind_ap_std": 0.019250559392202396,
      "n_seeds": 3,
      "trans_ap_mean": 0.9596953822686835,
      "trans_ap_std": 0.0028697500370801496,
      "ind_auc_mean": 0.8349931691762814,
      "ind_auc_std": 0.01679790938762123,
      "per_seed": [
        {
          "seed": 42,
          "ind_ap": 0.7653709129101374,
          "trans_ap": 0.9609469373931316,
          "ind_auc": 0.8275261497811813,
          "trans_auc": 0.9797470590277777,
          "time_s": 1012.5551385879517,
          "edge_state_dist": [
            0.00022313128283713013,
            0.40379324555397034,
            0.0017106730956584215,
            0.5430271625518799,
            0.05124581605195999
          ]
        },
        {
          "seed": 1,
          "ind_ap": 0.8008926342594685,
          "trans_ap": 0.9564124120895849,
          "ind_auc": 0.8542299841926863,
          "trans_auc": 0.9753464513888889,
          "time_s": 1013.4524147510529,
          "edge_state_dist": [
            0.0002975083771161735,
            0.40379324555397034,
            0.23488286137580872,
            0.33849015831947327,
            0.0225362591445446
          ]
        },
        {
          "seed": 7,
          "ind_ap": 0.7702706851773824,
          "trans_ap": 0.9617267973233339,
          "ind_auc": 0.8232233735549765,
          "trans_auc": 0.9789377013888888,
          "time_s": 1014.1480529308319,
          "edge_state_dist": [
            0.0,
            0.40379324555397034,
            0.19732242822647095,
            0.3487541973590851,
            0.05013015866279602
          ]
        }
      ]
    },
    {
      "arm": "K2_lfg_hard",
      "knob_flipped": "lfg_mode: soft->hard (floor=0.05)",
      "overrides": {
        "design": "correct_decoupled",
        "lfg_mode": "hard"
      },
      "ind_ap_mean": 0.9867875051498641,
      "ind_ap_std": 0.0014484297714793032,
      "n_seeds": 3,
      "trans_ap_mean": 0.9985100252095682,
      "trans_ap_std": 0.00032860993861223687,
      "ind_auc_mean": 0.9875936574909696,
      "ind_auc_std": 0.0020630776745583284,
      "per_seed": [
        {
          "seed": 42,
          "ind_ap": 0.9851230941704403,
          "trans_ap": 0.9982085222407058,
          "ind_auc": 0.9854645273877304,
          "trans_auc": 0.9986104513888889,
          "time_s": 993.4329237937927,
          "edge_state_dist": [
            0.00037188545684330165,
            0.40379324555397034,
            0.2530308663845062,
            0.3207883834838867,
            0.02201562002301216
          ]
        },
        {
          "seed": 1,
          "ind_ap": 0.9874774050824542,
          "trans_ap": 0.9984612611267367,
          "ind_auc": 0.9877328073688044,
          "trans_auc": 0.9985737777777779,
          "time_s": 993.0754523277283,
          "edge_state_dist": [
            0.04484938457608223,
            0.404165118932724,
            0.19122350215911865,
            0.34979546070098877,
            0.009966529905796051
          ]
        },
        {
          "seed": 7,
          "ind_ap": 0.9877620161966978,
          "trans_ap": 0.9988602922612619,
          "ind_auc": 0.9895836377163741,
          "trans_auc": 0.998958079861111,
          "time_s": 992.6303391456604,
          "edge_state_dist": [
            0.008999628014862537,
            0.40379324555397034,
            0.21524730324745178,
            0.36028262972831726,
            0.011677203699946404
          ]
        }
      ]
    },
    {
      "arm": "K3_floor0",
      "knob_flipped": "compliance_floor: 0.05->0.0 (lfg soft; inert control)",
      "overrides": {
        "design": "correct_decoupled",
        "compliance_floor": 0.0
      },
      "ind_ap_mean": 0.9888793452320441,
      "ind_ap_std": 0.0017776997752095983,
      "n_seeds": 3,
      "trans_ap_mean": 0.9985613608978267,
      "trans_ap_std": 0.0003775265129762849,
      "ind_auc_mean": 0.9890020261140045,
      "ind_auc_std": 0.0021643376053599155,
      "per_seed": [
        {
          "seed": 42,
          "ind_ap": 0.9879379569784661,
          "trans_ap": 0.9981962413836536,
          "ind_auc": 0.9877472245886051,
          "trans_auc": 0.9983772847222223,
          "time_s": 991.4454567432404,
          "edge_state_dist": [
            0.0002975083771161735,
            0.40379324555397034,
            0.24589066207408905,
            0.333060622215271,
            0.016957977786660194
          ]
        },
        {
          "seed": 1,
          "ind_ap": 0.9877703059611362,
          "trans_ap": 0.9985376633561877,
          "ind_auc": 0.9877576731218349,
          "trans_auc": 0.9986231979166668,
          "time_s": 993.5797321796417,
          "edge_state_dist": [
            0.010040907189249992,
            0.40379324555397034,
            0.23190777003765106,
            0.34488657116889954,
            0.00937151350080967
          ]
        },
        {
          "seed": 7,
          "ind_ap": 0.9909297727565302,