{
  "runs": [
    {
      "dataset": "coedit",
      "seed": 42,
      "epochs": 20,
      "p0_fix": "off",
      "lfg": "on",
      "echo": "off",
      "fix_existence_init": false,
      "entropy_reg_weight": 0.0,
      "design": "correct_decoupled",
      "trans_ap": 0.985960446850686,
      "trans_auc": 0.9907361597222223,
      "ind_ap": 0.8907059656668207,
      "ind_auc": 0.9110832105030693,
      "best_val_ap": 0.9777647935125524,
      "train_time_s": 136.58835363388062,
      "final_info": {
        "n_edges": 13445,
        "edge_state_dist": [
          0.00014875418855808675,
          0.8416511416435242,
          0.1412421017885208,
          0.01680922321975231,
          0.00014875418855808675
        ],
        "ever_alive_mean": 0.7441927790641785,
        "hawkes_lam_mean": 1.1139310598373413
      }
    }
  ],
  "summary": [
    {
      "dataset": "coedit",
      "p0_fix": "off",
      "trans_ap_mean": 0.985960446850686,
      "trans_ap_std": 0.0,
      "trans_auc_mean": 0.9907361597222223,
      "trans_auc_std": 0.0,
      "ind_ap_mean": 0.8907059656668207,
      "ind_ap_std": 0.0,
      "ind_auc_mean": 0.9110832105030693,
      "ind_auc_std": 0.0,
      "time_mean": 136.58835363388062,
      "n_seeds": 1
    }
  ]
}