{
  "dataset": "coedit",
  "seed": 1,
  "epochs": 20,
  "batch": 500,
  "protocol": "design=correct_decoupled,fsm v3+hier+decol_hier_v2+causal_batch,let0.5,p0_fix=off,bs500",
  "arms": {
    "wc": {
      "n_pos": 12000,
      "n_neg": 12000,
      "trans_ap": 0.9969811041967667,
      "trans_auc": 0.9971898993055556,
      "pos_lifecycle_dist": [
        0.0,
        0.23691666666666666,
        0.24133333333333334,
        0.13108333333333333,
        0.39066666666666666
      ],
      "has_cc": true,
      "c_t_stats": {
        "mean": 0.5394754131321485,
        "std": 0.4048099187850256,
        "min": 0.013021774590015411,
        "max": 0.9854800701141357,
        "p10": 0.038006944581866264,
        "p50": 0.6487449109554291,
        "p90": 0.9586277365684509
      },
      "cc_weight_stats": {
        "mean": 0.5394754131321485,
        "std": 0.4048099187850256,
        "min": 0.013021774590015411,
        "max": 0.9854800701141357,
        "frac_zero": 0.0,
        "frac_lt_0.5": 0.43966666666666665
      },
      "violation_rate": 0.44766666666666666,
      "never_born_death_rate": 0.00575,
      "AUC_lowc_predicts_violation": 0.9984879913326032,
      "corr_lowc_violation": 0.9447758031061351,
      "mean_c_t_violation": 0.11465717348591192,
      "mean_c_t_coherent": 0.8837909809323269,
      "AUC_lowc_predicts_neverbornDEATH": 0.5568808086108651,
      "mean_c_t_neverbornDEATH": 0.4707338260351748,
      "corr_lowc_posScore": -0.5249677294307311,
      "corr_c_t_posScore": -0.5249677294307311,
      "R2_c_t_free_argmax": 0.3411019995197556,
      "corr_c_t_free_argmax": -0.5292361293238975,
      "AUC_lowc_predicts_posMiss10": 0.24514139660493828,
      "mean_c_t_posMiss10": 0.8756673883832992,
      "mean_c_t_posHit": 0.502120749215354,
      "std_trans_ap": 0.997068321969903,
      "std_trans_auc": 0.9972587916666668,
      "ind_ap": 0.9762040816091826,
      "ind_auc": 0.974680587461142,
      "best_val_ap": 0.9998134573034124,
      "train_time_s": 964.8,
      "arm": "wc",
      "nan_check": false,
      "leak_check_ap_eq_1": false,
      "cc_self_consist_w": 0.1,
      "cc_grounded_init": true,
      "cc_w_obs_logit": -0.5447341203689575,
      "w_obs": 0.36708699404978873,
      "npz": "/users/PGS0407/binben14/VietHuy/Hoang/SR-GNN/experiments/LAB/v3_3/results/wc_grnd/s1/wc_conf_calib_coedit_wc_s1.npz",
      "low_c_examples": [
        {
          "c_t": 0.013,
          "cc_weight": 0.013,
          "belief_argmax": "REINFORCE",
          "free_next_state": "REINFORCE",
          "reachable": false,
          "pos_sigmoid": 0.9085
        },
        {
          "c_t": 0.0135,
          "cc_weight": 0.0135,
          "belief_argmax": "REINFORCE",
          "free_next_state": "REINFORCE",
          "reachable": false,
          "pos_sigmoid": 0.9696
        },
        {
          "c_t": 0.0143,
          "cc_weight": 0.0143,
          "belief_argmax": "REINFORCE",
          "free_next_state": "REINFORCE",
          "reachable": false,
          "pos_sigmoid": 0.8581
        },
        {
          "c_t": 0.0147,
          "cc_weight": 0.0147,
          "belief_argmax": "REINFORCE",
          "free_next_state": "REINFORCE",
          "reachable": false,
          "pos_sigmoid": 0.9634
        },
        {
          "c_t": 0.0189,
          "cc_weight": 0.0189,
          "belief_argmax": "REINFORCE",
          "free_next_state": "REINFORCE",
          "reachable": false,
          "pos_sigmoid": 0.9602
        },
        {
          "c_t": 0.0206,
          "cc_weight": 0.0206,
          "belief_argmax": "REINFORCE",
          "free_next_state": "REINFORCE",
          "reachable": false,
          "pos_sigmoid": 0.9904
        },
        {
          "c_t": 0.0258,
          "cc_weight": 0.0258,
          "belief_argmax": "REINFORCE",
          "free_next_state": "REINFORCE",
          "reachable": false,
          "pos_sigmoid": 0.9196
        },
        {
          "c_t": 0.0305,
          "cc_weight": 0.0305,
          "belief_argmax": "REINFORCE",
          "free_next_state": "REINFORCE",
          "reachable": false,
          "pos_sigmoid": 0.9866
        },
        {
          "c_t": 0.0311,
          "cc_weight": 0.0311,
          "belief_argmax": "DEATH",
          "free_next_state": "REINFORCE",
          "reachable": false,
          "pos_sigmoid": 1.0
        },
        {
          "c_t": 0.0317,
          "cc_weight": 0.0317,
          "belief_argmax": "DEATH",
          "free_next_state": "DECAY",
          "reachable": false,
          "pos_sigmoid": 1.0
        },
        {
          "c_t": 0.0319,
          "cc_weight": 0.0319,
          "belief_argmax": "IDLE",
          "free_next_state": "REINFORCE",
          "reachable": false,
          "pos_sigmoid": 0.8287
        },
        {
          "c_t": 0.0319,
          "cc_weight": 0.0319,
          "belief_argmax": "DEATH",
          "free_next_state": "REINFORCE",
          "reachable": false,
          "pos_sigmoid": 1.0
        }
      ]
    },
    "B": {
      "n_pos": 12000,
      "n_neg": 12000,
      "trans_ap": 0.9966066648838132,
      "trans_auc": 0.99685590625,
      "pos_lifecycle_dist": [
        0.21233333333333335,
        0.23691666666666666,
        0.23641666666666666,
        0.275,
        0.03933333333333333
      ],
      "has_cc": false,
      "std_trans_ap": 0.9967150308631478,
      "std_trans_auc": 0.9969237048611111,
      "ind_ap": 0.9744541032822525,
      "ind_auc": 0.9727483990388615,
      "best_val_ap": 0.9998117428457733,
      "train_time_s": 946.4,
      "arm": "B",
      "nan_check": false,
      "leak_check_ap_eq_1": false,
      "cc_self_consist_w": 0.0,
      "cc_grounded_init": false,
      "cc_w_obs_logit": null,
      "w_obs": null
    }
  },
  "headline": {
    "wc_trans_ap": 0.9969811041967667,
    "B_trans_ap": 0.9966066648838132,
    "delta_trans_ap_pp": 0.037,
    "wc_ind_ap": 0.9762040816091826,
    "B_ind_ap": 0.9744541032822525,
    "delta_ind_ap_pp": 0.175,
    "wc_AUC_lowc_violation": 0.9984879913326032,
    "wc_AUC_lowc_posMiss10": 0.24514139660493828,
    "wc_violation_rate": 0.44766666666666666,
    "wc_cc_self_consist_w": 0.1,
    "wc_w_obs_converged": 0.36708699404978873,
    "wc_cc_w_obs_logit": -0.5447341203689575,
    "wc_pos_lifecycle_dist": [
      0.0,
      0.23691666666666666,
      0.24133333333333334,
      0.13108333333333333,
      0.39066666666666666
    ],
    "any_leak_ap_eq_1": false,
    "any_nan": false
  }
}